"impact","total","1.pH","2.pS","3.pL","perc"
"1.High",906,877,7,13,0.967991169977925
"2.Slight",1431,1054,196,102,0.73654786862334
"3.Low",566,72,67,372,0.127208480565371
